{"cameraMode":{"drawMode":0,"name":"Shaded","section":"Shading Mode"},"sceneLighting":true,"audioPlay":false,"sceneViewState":{"m_AlwaysRefresh":false,"showFog":true,"showSkybox":true,"showFlares":true,"showImageEffects":true,"showParticleSystems":true,"showVisualEffectGraphs":true,"m_FxEnabled":true},"in2DMode":false,"pivot":{"x":307.6686096191406,"y":46.04674530029297,"z":-25.900150299072267},"rotation":{"x":-0.27811163663864138,"y":-0.12780052423477174,"z":0.03766760230064392,"w":-0.9515158534049988},"size":25.973224639892579,"orthographic":false}